dataset,instance,n,m,deg0,deg1,deg1_nbr,articulation,bridge_endpoints,deg2,deg2_both_nbrs_forced,forced_union,forced_pct_n,best_cost,forced_pct_best
CommonUDG,1000_100_200.mtx,200,756,0,0,0,0,0,1,0,0,0.0,58,0.0
CommonUDG,1000_110_200.mtx,200,871,0,0,0,0,0,0,0,0,0.0,51,0.0
CommonUDG,1000_120_200.mtx,200,997,0,0,0,0,0,0,0,0,0.0,45,0.0
CommonUDG,1000_130_200.mtx,200,1127,0,0,0,0,0,0,0,0,0.0,40,0.0
CommonUDG,1000_140_200.mtx,200,1269,0,0,0,0,0,0,0,0,0.0,36,0.0
CommonUDG,1000_150_200.mtx,200,1400,0,0,0,0,0,0,0,0,0.0,34,0.0
CommonUDG,1000_160_200.mtx,200,1541,0,0,0,0,0,0,0,0,0.0,30,0.0
CommonUDG,1500_130_250.mtx,250,903,0,0,0,0,0,2,0,0,0.0,74,0.0
CommonUDG,1500_140_250.mtx,250,1011,0,0,0,0,0,1,0,0,0.0,66,0.0
CommonUDG,1500_150_250.mtx,250,1119,0,0,0,0,0,0,0,0,0.0,62,0.0
CommonUDG,1500_160_250.mtx,250,1246,0,0,0,0,0,0,0,0,0.0,55,0.0
CommonUDG,2000_200_300.mtx,300,1577,0,0,0,0,0,0,0,0,0.0,64,0.0
CommonUDG,2000_210_300.mtx,300,1710,0,0,0,0,0,0,0,0,0.0,59,0.0
CommonUDG,2000_220_300.mtx,300,1849,0,0,0,0,0,0,0,0,0.0,54,0.0
CommonUDG,2000_230_300.mtx,300,1990,0,0,0,0,0,0,0,0,0.0,51,0.0
CommonUDG,2500_200_350.mtx,350,1461,0,0,0,0,0,3,0,0,0.0,91,0.0
CommonUDG,2500_210_350.mtx,350,1555,0,0,0,0,0,3,0,0,0.0,86,0.0
CommonUDG,2500_220_350.mtx,350,1668,0,0,0,0,0,3,0,0,0.0,81,0.0
CommonUDG,2500_230_350.mtx,350,1787,0,0,0,0,0,2,0,0,0.0,75,0.0
CommonUDG,3000_210_400.mtx,400,1522,0,0,0,0,0,2,0,0,0.0,114,0.0
CommonUDG,3000_220_400.mtx,400,1621,0,0,0,0,0,1,0,0,0.0,108,0.0
CommonUDG,3000_230_400.mtx,400,1750,0,0,0,0,0,1,0,0,0.0,101,0.0
CommonUDG,3000_240_400.mtx,400,1880,0,0,0,0,0,1,0,0,0.0,94,0.0
CommonUDG,400_100_80.mtx,80,563,0,0,0,0,0,0,0,0,0.0,13,0.0
CommonUDG,400_110_80.mtx,80,647,0,0,0,0,0,0,0,0,0.0,11,0.0
CommonUDG,400_120_80.mtx,80,735,0,0,0,0,0,0,0,0,0.0,12,0.0
CommonUDG,400_60_80.mtx,80,262,0,0,0,0,0,1,0,0,0.0,27,0.0
CommonUDG,400_70_80.mtx,80,329,0,0,0,0,0,0,0,0,0.0,22,0.0
CommonUDG,400_80_80.mtx,80,400,0,0,0,0,0,0,0,0,0.0,18,0.0
CommonUDG,400_90_80.mtx,80,474,0,0,0,0,0,0,0,0,0.0,16,0.0
CommonUDG,600_100_100.mtx,100,435,0,0,0,0,0,1,0,0,0.0,25,0.0
CommonUDG,600_110_100.mtx,100,500,0,0,0,0,0,0,0,0,0.0,22,0.0
CommonUDG,600_120_100.mtx,100,575,0,0,0,0,0,0,0,0,0.0,20,0.0
CommonUDG,600_80_100.mtx,100,335,0,0,0,0,0,1,0,0,0.0,31,0.0
CommonUDG,600_90_100.mtx,100,368,0,0,0,0,0,1,0,0,0.0,29,0.0
CommonUDG,700_100_200.mtx,200,1305,0,0,0,0,0,0,0,0,0.0,36,0.0
CommonUDG,700_110_200.mtx,200,1501,0,0,0,0,0,0,0,0,0.0,31,0.0
CommonUDG,700_120_200.mtx,200,1730,0,0,0,0,0,0,0,0,0.0,26,0.0
CommonUDG,700_70_200.mtx,200,756,0,0,0,0,0,1,0,0,0.0,58,0.0
CommonUDG,700_80_200.mtx,200,921,0,0,0,0,0,0,0,0,0.0,48,0.0
CommonUDG,700_90_200.mtx,200,1113,0,0,0,0,0,0,0,0,0.0,41,0.0
LPNMR09,40_200.mtx,40,200,0,0,0,0,0,0,0,0,0.0,9,0.0
LPNMR09,45_250.mtx,45,250,0,0,0,0,0,0,0,0,0.0,9,0.0
LPNMR09,50_250_1.mtx,50,250,0,0,0,0,0,0,0,0,0.0,11,0.0
LPNMR09,50_250_2.mtx,50,240,0,0,0,0,0,0,0,0,0.0,13,0.0
LPNMR09,55_250.mtx,55,250,0,0,0,0,0,0,0,0,0.0,12,0.0
LPNMR09,60_400.mtx,60,400,0,0,0,0,0,0,0,0,0.0,10,0.0
LPNMR09,70_250.mtx,70,250,0,0,0,0,0,0,0,0,0.0,21,0.0
LPNMR09,80_500.mtx,80,500,0,0,0,0,0,0,0,0,0.0,14,0.0
LPNMR09,90_600.mtx,90,600,0,0,0,0,0,0,0,0,0.0,15,0.0
NDR_M2CDS,DD_g140.mtx,560,1355,0,3,3,7,10,42,0,10,1.8,252,4.0
NDR_M2CDS,DD_g142.mtx,288,645,0,1,1,7,6,25,2,8,2.8,140,5.7
NDR_M2CDS,DD_g143.mtx,414,1044,0,3,3,11,13,29,6,14,3.4,182,7.7
NDR_M2CDS,DD_g144.mtx,288,757,0,0,0,0,0,12,0,0,0.0,116,0.0
NDR_M2CDS,DD_g145.mtx,404,1160,0,1,1,1,2,14,0,2,0.5,151,1.3
NDR_M2CDS,DD_g146.mtx,327,753,0,2,2,4,6,27,2,6,1.8,151,4.0
NDR_M2CDS,DSJC500-5.mtx,500,62624,0,0,0,0,0,0,0,0,0.0,7,0.0
NDR_M2CDS,SW-100-6-0d3-trial3.mtx,100,300,0,0,0,0,0,0,0,0,0.0,33,0.0
NDR_M2CDS,SW-1000-6-0d3-trial3.mtx,1000,3000,0,0,0,0,0,0,0,0,0.0,324,0.0
NDR_M2CDS,b2_ss.mtx,1089,4195,0,0,0,0,0,1,0,0,0.0,326,0.0
NDR_M2CDS,b_dyn.mtx,1089,4231,0,0,0,0,0,0,0,0,0.0,325,0.0
NDR_M2CDS,ba_1k_30k.mtx,1000,30039,0,0,0,0,0,0,0,0,0.0,32,0.0
NDR_M2CDS,ba_1k_6k.mtx,1000,5964,0,0,0,0,0,0,0,0,0.0,154,0.0
NDR_M2CDS,c-fat200-1.mtx,200,1534,0,0,0,0,0,0,0,0,0.0,36,0.0
NDR_M2CDS,delaunay_n10.mtx,1024,3056,0,0,0,0,0,0,0,0,0.0,339,0.0
NDR_M2CDS,delaunay_n11.mtx,2048,6127,0,0,0,0,0,0,0,0,0.0,681,0.0
NDR_M2CDS,delaunay_n12.mtx,4096,12264,0,0,0,0,0,0,0,0,0.0,1377,0.0
NDR_M2CDS,delaunay_n13.mtx,8192,24547,0,0,0,0,0,0,0,0,0.0,2776,0.0
NDR_M2CDS,fpga_dcop_51.mtx,1220,2810,0,66,66,66,132,73,0,132,10.8,439,30.1
NDR_M2CDS,lp_ganges.mtx,1706,6924,0,0,0,0,0,301,0,0,0.0,677,0.0
NDR_M2CDS,lp_shell.mtx,1777,3551,0,0,0,0,0,1237,0,0,0.0,437,0.0
NDR_M2CDS,lshp1009.mtx,1009,2928,0,0,0,0,0,0,0,0,0.0,357,0.0
NDR_M2CDS,lshp1270.mtx,1270,3699,0,0,0,0,0,0,0,0,0.0,455,0.0
NDR_M2CDS,mk9-b2.mtx,1260,3774,0,0,0,0,0,0,0,0,0.0,253,0.0
NDR_M2CDS,n4c5-b9.mtx,1895,6285,0,0,0,0,0,0,0,0,0.0,412,0.0
NDR_M2CDS,progas.mtx,1900,8797,0,10,10,10,20,8,0,20,1.1,427,4.7
NDR_M2CDS,qiulp.mtx,1900,4489,0,0,0,0,0,0,0,0,0.0,710,0.0
NDR_M2CDS,rail_1357.mtx,1357,3814,0,0,0,0,0,1,0,0,0.0,421,0.0
NDR_M2CDS,rdb1250.mtx,1250,3025,0,0,0,0,0,0,0,0,0.0,543,0.0
NDR_M2CDS,str_0.mtx,363,2446,0,1,1,1,2,22,0,2,0.6,118,1.7
NDR_M2CDS,str_200.mtx,363,3049,0,1,1,1,2,12,0,2,0.6,96,2.1
NDR_M2CDS,str_400.mtx,363,3124,0,1,1,1,2,6,0,2,0.6,98,2.0
NDR_M2CDS,str_600.mtx,363,3244,0,1,1,1,2,5,0,2,0.6,86,2.3
NDR_M2CDS,t3dl_a.mtx,20360,244753,0,0,0,0,0,0,0,0,0.0,2103,0.0
NDR_M2CDS,tube1.mtx,21498,437779,0,0,0,0,0,0,0,0,0.0,1271,0.0
NDR_M2CDS,vibrobox.mtx,12328,165250,0,0,0,0,0,0,0,0,0.0,1613,0.0
RandomUDG,out_GRASP_100_45_20.mtx,20,73,0,0,0,0,0,0,0,0,0.0,6,0.0
RandomUDG,out_GRASP_100_45_25.mtx,25,118,0,0,0,0,0,0,0,0,0.0,6,0.0
RandomUDG,out_GRASP_100_46_20.mtx,20,73,0,0,0,0,0,0,0,0,0.0,6,0.0
RandomUDG,out_GRASP_100_46_25.mtx,25,118,0,0,0,0,0,0,0,0,0.0,6,0.0
RandomUDG,out_GRASP_100_47_20.mtx,20,75,0,0,0,0,0,0,0,0,0.0,6,0.0
RandomUDG,out_GRASP_100_47_25.mtx,25,124,0,0,0,0,0,0,0,0,0.0,6,0.0
RandomUDG,out_GRASP_100_48_20.mtx,20,75,0,0,0,0,0,0,0,0,0.0,6,0.0
RandomUDG,out_GRASP_100_48_25.mtx,25,125,0,0,0,0,0,0,0,0,0.0,6,0.0
RandomUDG,out_GRASP_100_49_20.mtx,20,79,0,0,0,0,0,0,0,0,0.0,5,0.0
RandomUDG,out_GRASP_100_49_25.mtx,25,130,0,0,0,0,0,0,0,0,0.0,6,0.0
RandomUDG,out_GRASP_100_50_20.mtx,20,81,0,0,0,0,0,0,0,0,0.0,5,0.0
RandomUDG,out_GRASP_100_50_25.mtx,25,136,0,0,0,0,0,0,0,0,0.0,5,0.0
RandomUDG,out_GRASP_150_50_30.mtx,30,108,0,0,0,0,0,0,0,0,0.0,9,0.0
RandomUDG,out_GRASP_150_51_30.mtx,30,111,0,0,0,0,0,0,0,0,0.0,8,0.0
RandomUDG,out_GRASP_150_52_30.mtx,30,114,0,0,0,0,0,0,0,0,0.0,8,0.0
RandomUDG,out_GRASP_150_53_30.mtx,30,117,0,0,0,0,0,0,0,0,0.0,9,0.0
RandomUDG,out_GRASP_150_54_30.mtx,30,122,0,0,0,0,0,0,0,0,0.0,8,0.0
RandomUDG,out_GRASP_150_55_30.mtx,30,125,0,0,0,0,0,0,0,0,0.0,8,0.0
RandomUDG,out_GRASP_80_25_15.mtx,15,30,0,0,0,2,0,3,1,2,13.3,8,25.0
RandomUDG,out_GRASP_80_26_15.mtx,15,32,0,0,0,1,0,3,0,1,6.7,8,12.5
RandomUDG,out_GRASP_80_27_15.mtx,15,30,0,3,3,4,7,2,1,7,46.7,9,77.8
RandomUDG,out_GRASP_80_28_15.mtx,15,32,0,2,2,3,5,3,1,5,33.3,9,55.6
RandomUDG,out_GRASP_80_29_15.mtx,15,34,0,1,1,3,4,3,1,4,26.7,8,50.0
RandomUDG,out_GRASP_80_30_15.mtx,15,34,0,1,1,3,4,3,1,4,26.7,8,50.0
